term,estimate,std.error,statistic,p.value,conf.low,conf.high
(Intercept),-0.0974280619281724,0.09305479397128813,-1.046996697002345,0.2967631415394806,-0.2812758533313469,0.08641972947500211
sexmale,0.2038297611392033,0.13913491084533403,1.4649792773129797,0.14499192877405237,-0.07105823736504141,0.47871775964344804
scale(age),-0.11944060546333586,0.07734082748871161,-1.544340930160968,0.12458519312087996,-0.27224240870499133,0.033361197778319626
scale(STAI_trait),-0.0377480819854179,0.09076692587423275,-0.41587926022438937,0.6780849183345151,-0.21707574628159784,0.14157958231076204
scale(pain_cat),0.26665480242446027,0.08913153666652247,2.991699822500816,0.0032380357753294133,0.09055816665556815,0.4427514381933524
scale(cortisol_serum),0.34837474271262914,0.0806188303278515,4.321257717283894,2.7911072794117028e-5,0.1890966091663238,0.5076528762589345
scale(mindfulness),-0.09273185775870504,0.08041712018080925,-1.1531357694755473,0.2506647901127446,-0.2516114737923203,0.0661477582749102
